{"cv_accuracy": [0.6178861856460571, 0.5491803288459778, 0.5409836173057556, 0.7131147384643555, 0.6803278923034668], "mean": 0.6202985525131226, "std": 0.06866272090242072}