{"accuracy": 0.42424242424242425, "report": {"0": {"precision": 0.4, "recall": 0.75, "f1-score": 0.5217391304347826, "support": 24.0}, "1": {"precision": 0.8571428571428571, "recall": 0.35294117647058826, "f1-score": 0.5, "support": 102.0}, "2": {"precision": 0.044444444444444446, "recall": 0.3333333333333333, "f1-score": 0.0784313725490196, "support": 6.0}, "accuracy": 0.42424242424242425, "macro avg": {"precision": 0.4338624338624339, "recall": 0.47875816993464054, "f1-score": 0.36672350099460077, "support": 132.0}, "weighted avg": {"precision": 0.7370851370851371, "recall": 0.42424242424242425, "f1-score": 0.4847903588312795, "support": 132.0}}, "confusion_matrix": [[18, 3, 3], [26, 36, 40], [1, 3, 2]]}