{
  "results": {
    "dataset_sizes": {
      "X_train_shape": [
        611,
        100,
        3
      ],
      "y_train_shape": [
        611
      ],
      "X_val_shape": [
        131,
        100,
        3
      ],
      "y_val_shape": [
        131
      ],
      "X_test_shape": [
        132,
        100,
        3
      ],
      "y_test_shape": [
        132
      ]
    },
    "timestamp": "2026-02-28 01:14:20",
    "stage1": {
      "test_accuracy": 0.803030303030303,
      "macro_f1": 0.6689814814814815,
      "params": 40641,
      "size_bytes": 210068,
      "ms_per_sample": 0.27182896931966144
    },
    "stage2": {
      "test_accuracy": 0.6666666666666666,
      "macro_f1": 0.4477272727272727,
      "n_test_hazard": 108,
      "params": 40641,
      "size_bytes": 545332,
      "ms_per_sample": 0.3073555451852304
    },
    "three_class": {
      "test_accuracy": 0.42424242424242425,
      "macro_f1": 0.36672350099460077,
      "params": 40771,
      "size_bytes": 213454,
      "ms_per_sample": 0.2750577348651308
    },
    "cv_stats": {
      "cascaded_mean": 0.7251765960282555,
      "cascaded_std": 0.06934462296147573,
      "cascaded_folds": [
        0.6422764227642277,
        0.639344262295082,
        0.7950819672131147,
        0.7786885245901639,
        0.7704918032786885
      ],
      "three_mean": 0.6202985525131226,
      "three_std": 0.06866272090242072,
      "three_folds": [
        0.6178861856460571,
        0.5491803288459778,
        0.5409836173057556,
        0.7131147384643555,
        0.6803278923034668
      ]
    },
    "ttest": {
      "t_stat": -2.6758947109401774,
      "p_value": 0.05546478833990092,
      "significant_alpha_0_05": false
    }
  },
  "final_rows": [
    {
      "Model": "Stage-1 (binary)",
      "CV Mean": null,
      "CV Std": null,
      "Test Accuracy": 0.803030303030303,
      "Macro F1": 0.6689814814814815,
      "Params": 40641,
      "Size": 210068,
      "ms/sample": 0.27182896931966144
    },
    {
      "Model": "Stage-2 (subtype)",
      "CV Mean": null,
      "CV Std": null,
      "Test Accuracy": 0.6666666666666666,
      "Macro F1": 0.4477272727272727,
      "Params": 40641,
      "Size": 545332,
      "ms/sample": 0.3073555451852304
    },
    {
      "Model": "Cascaded (Stage1+Stage2)",
      "CV Mean": 0.7251765960282555,
      "CV Std": 0.06934462296147573,
      "Test Accuracy": 0.553030303030303,
      "Macro F1": 0.4133838383838384,
      "Params": 81282,
      "Size": null,
      "ms/sample": null
    },
    {
      "Model": "3-class baseline",
      "CV Mean": 0.6202985525131226,
      "CV Std": 0.06866272090242072,
      "Test Accuracy": 0.42424242424242425,
      "Macro F1": 0.36672350099460077,
      "Params": 40771,
      "Size": 213454,
      "ms/sample": 0.2750577348651308
    }
  ],
  "cv_stats": {
    "cascaded_mean": 0.7251765960282555,
    "cascaded_std": 0.06934462296147573,
    "cascaded_folds": [
      0.6422764227642277,
      0.639344262295082,
      0.7950819672131147,
      0.7786885245901639,
      0.7704918032786885
    ],
    "three_mean": 0.6202985525131226,
    "three_std": 0.06866272090242072,
    "three_folds": [
      0.6178861856460571,
      0.5491803288459778,
      0.5409836173057556,
      0.7131147384643555,
      0.6803278923034668
    ]
  },
  "ttest": {
    "t_stat": -2.6758947109401774,
    "p_value": 0.05546478833990092,
    "significant_alpha_0_05": false
  }
}