{
  "test_loss": 0.4367099106311798,
  "test_accuracy": 0.8030303120613098,
  "accuracy": 0.803030303030303,
  "precision": 0.8796296296296297,
  "recall": 0.8796296296296297,
  "f1_score": 0.8796296296296297,
  "roc_auc": 0.8240740740740741,
  "confusion_matrix": [
    [
      11,
      13
    ],
    [
      13,
      95
    ]
  ],
  "class_distribution": {
    "train": {
      "class_0": 113,
      "class_1": 498
    },
    "val": {
      "class_0": 24,
      "class_1": 107
    },
    "test": {
      "class_0": 24,
      "class_1": 108
    }
  },
  "class_weights": {
    "0": 2.7035398230088497,
    "1": 0.6134538152610441
  },
  "hyperparameters": {
    "epochs": 50,
    "batch_size": 32,
    "optimizer": "adam",
    "loss": "binary_crossentropy",
    "dropout": 0.3
  }
}