{
  "fold_accuracies": [
    0.91,
    0.57,
    0.8,
    0.898989898989899,
    0.6565656565656566
  ],
  "fold_precisions": [
    0.0,
    0.08695652173913043,
    0.10526315789473684,
    0.125,
    0.08571428571428572
  ],
  "fold_recalls": [
    0.0,
    0.8,
    0.4,
    0.25,
    0.6
  ],
  "fold_f1_scores": [
    0.0,
    0.1568627450980392,
    0.16666666666666666,
    0.16666666666666666,
    0.15
  ],
  "fold_roc_aucs": [
    0.6126315789473684,
    0.5789473684210527,
    0.6926315789473685,
    0.8473684210526315,
    0.6638297872340426
  ],
  "mean_accuracy": 0.7671111111111111,
  "std_accuracy": 0.13413725501645188,
  "mean_precision": 0.0805867930696306,
  "mean_recall": 0.41000000000000003,
  "mean_f1_score": 0.1280392156862745,
  "mean_roc_auc": 0.6790817469204927
}