{
  "model": "stage1_binary_v2.keras",
  "test_loss": 0.4367099106311798,
  "test_accuracy": 0.8030303120613098,
  "precision": 0.8796296296296297,
  "recall": 0.8796296296296297,
  "f1_score": 0.8796296296296297,
  "roc_auc": 0.8240740740740741,
  "confusion_matrix": [
    [
      11,
      13
    ],
    [
      13,
      95
    ]
  ],
  "dataset_split": {
    "total_test_samples": 132,
    "normal_count": 24,
    "hazard_count": 108
  }
}