{
  "fold_accuracies": [
    0.8455284552845529,
    0.7950819672131147,
    0.8442622950819673,
    0.860655737704918,
    0.8278688524590164
  ],
  "fold_precisions": [
    0.8715596330275229,
    0.9032258064516129,
    0.8785046728971962,
    0.8942307692307693,
    0.9239130434782609
  ],
  "fold_recalls": [
    0.95,
    0.84,
    0.94,
    0.9393939393939394,
    0.8585858585858586
  ],
  "fold_f1_scores": [
    0.9090909090909091,
    0.8704663212435233,
    0.9082125603864735,
    0.916256157635468,
    0.8900523560209425
  ],
  "fold_roc_aucs": [
    0.7960869565217391,
    0.8872727272727273,
    0.8036363636363636,
    0.8326745718050066,
    0.8568291611769874
  ],
  "mean_accuracy": 0.834679461548714,
  "std_accuracy": 0.022354615811416546,
  "mean_precision": 0.8942867850170725,
  "mean_recall": 0.9055959595959596,
  "mean_f1_score": 0.8988156608754633,
  "mean_roc_auc": 0.8352999560825648
}